P102 S036 S009 S039,P66 S005 S009 S043,P116 S006 S016 S010,null,P106 S012 S006 S010,null,null,null,null,P80 S030 S040 S035,P50 S031 S003 S025,null,P115 S026 S003 S043,P104 S027 S036 S033,null
P5 S016 S006 S010,P30 S021 S016 S025,P74 S022 S003 S033,null,null,P13 S035 S014 S007,P85 S039 S036 S038,null,null,P87 S026 S015 S033,P41 S035 S014 S007,P71 S041 S015 S031,null,null,null
null,P86 S015 S004 S024,null,P60 S003 S009 S029,null,P24 S027 S022 S033,P61 S005 S009 S043,null,null,null,null,null,null,P21 S015 S004 S024,null
null,null,null,P77 S031 S015 S035,P101 S024 S014 S007,P95 S012 S006 S010,null,null,P36 S037 S003 S038,P33 S011 S022 S027,null,null,null,null,null
P78 S031 S015 S035,P109 S017 S011 S020,P92 S025 S022 S027,null,P57 S027 S022 S033,P68 S040 S017 S018,P8 S022 S003 S033,null,null,null,null,null,null,null,null
null,P29 S042 S014 S037,null,P111 S039 S032 S045,P48 S021 S014 S007,null,null,null,P65 S038 S032 S035,null,P7 S003 S001 S029,P37 S011 S022 S018,null,null,null
P113 S017 S011 S020,P25 S045 S001 S007,null,null,null,P40 S021 S016 S025,null,null,P32 S021 S014 S007,P81 S001 S003 S045,P6 S038 S032 S035,null,P83 S039 S017 S038,null,null
P107 S039 S032 S045,null,P17 S040 S023 S041,null,null,null,P93 S042 S014 S044,null,P14 S010 S016 S039,P35 S031 S015 S047,P47 S045 S030 S037,P42 S044 S023 S037,P49 S035 S014 S007,null,null
null,null,null,null,null,null,null,null,null,null,null,null,null,P19 S026 S004 S028,null
null,null,null,null,P44 S046 S001 S025,null,null,null,null,null,null,null,null,null,null
P97 S029 S042 S044,null,null,null,null,null,null,null,null,null,P96 S033 S001 S025,null,null,null,null
P63 S046 S001 S025,null,null,null,null,P103 S024 S042 S026,null,null,P34 S026 S004 S024,P12 S045 S022 S028,null,null,null,null,null
null,P82 S040 S036 S018,P73 S016 S006 S010,P46 S045 S036 S037,null,P43 S005 S009 S043,P69 S028 S037 S024,null,P11 S041 S015 S024,P27 S005 S016 S045,P20 S022 S009 S025,P55 S005 S016 S045,P67 S003 S001 S029,P62 S005 S009 S043,null
P118 S023 S032 S028,P90 S047 S037 S028,P3 S023 S032 S028,P99 S029 S032 S007,P76 S018 S015 S029,null,null,null,P79 S043 S006 S039,P56 S037 S003 S039,null,P70 S030 S040 S035,P51 S012 S006 S010,null,null
P38 S043 S006 S039,P88 S001 S003 S045,null,P94 S033 S014 S025,P52 S040 S023 S041,P31 S004 S015 S029,P39 S026 S032 S007,null,null,P28 S026 S014 S033,P9 S015 S004 S024,null,null,P75 S041 S023 S028,null
P15 S026 S004 S024,P105 S016 S006 S010,P4 S005 S046 S039,P100 S006 S016 S010,P89 S005 S016 S045,P108 S017 S036 S020,null,null,P1 S047 S037 S028,null,null,null,P45 S005 S046 S039,P58 S007 S032 S010,null
null,P53 S025 S011 S038,null,null,P72 S017 S036 S020,null,P22 S025 S009 S043,null,null,null,P64 S036 S023 S042,P59 S023 S032 S028,null,P98 S036 S022 S027,null
null,null,null,null,P16 S005 S009 S043,null,P110 S017 S036 S020,null,null,null,null,null,P26 S017 S011 S020,P84 S021 S011 S042,null
null,null,null,P112 S017 S036 S020,P117 S011 S022 S018,null,null,null,null,null,null,null,null,P18 S005 S009 S043,null
P54 S033 S023 S029,P23 S034 S023 S027,null,P114 S043 S006 S044,null,P10 S031 S009 S044,P91 S031 S042 S029,null,null,null,null,null,P2 S033 S023 S028,null,null
